{
    "Advertising":0.0815850816,
    "Agriculture":0.1047269764,
    "Bank":0.0518548065,
    "Business Entity Type 1":0.0813836898,
    "Business Entity Type 2":0.0852838056,
    "Business Entity Type 3":0.0929828948,
    "Cleaning":0.1115384615,
    "Construction":0.1167980955,
    "Culture":0.055408971,
    "Electricity":0.0663157895,
    "Emergency":0.0714285714,
    "Government":0.0697875613,
    "Hotel":0.0641821946,
    "Housing":0.0794455713,
    "Industry: type 1":0.1106833494,
    "Industry: type 10":0.0642201835,
    "Industry: type 11":0.0865384615,
    "Industry: type 12":0.0379403794,
    "Industry: type 13":0.1343283582,
    "Industry: type 2":0.0720524017,
    "Industry: type 3":0.1061622941,
    "Industry: type 4":0.1015981735,
    "Industry: type 5":0.0684474124,
    "Industry: type 6":0.0714285714,
    "Industry: type 7":0.0803366488,
    "Industry: type 8":0.125,
    "Industry: type 9":0.0668052257,
    "Insurance":0.0569514238,
    "Kindergarten":0.0703488372,
    "Legal Services":0.0786885246,
    "Medicine":0.0658447244,
    "Military":0.0512528474,
    "Mobile":0.0914826498,
    "Other":0.0764296847,
    "Police":0.05,
    "Postal":0.0843764488,
    "Realtor":0.1060606061,
    "Religion":0.0588235294,
    "Restaurant":0.1170623965,
    "School":0.0591476442,
    "Security":0.0997844164,
    "Security Ministries":0.0486322188,
    "Self-employed":0.1017443374,
    "Services":0.066031746,
    "Telecom":0.0762564991,
    "Trade: type 1":0.0890804598,
    "Trade: type 2":0.07,
    "Trade: type 3":0.1034087654,
    "Trade: type 4":0.03125,
    "Trade: type 5":0.0612244898,
    "Trade: type 6":0.0459587956,
    "Trade: type 7":0.0944962329,
    "Transport: type 1":0.0447761194,
    "Transport: type 2":0.0780399274,
    "Transport: type 3":0.1575400168,
    "Transport: type 4":0.0928121526,
    "University":0.0489826677,
    "Unknown":0.0540003612
}